model,test_MSE,test_R2
linear,10027.065836242255,0.6962133692978243
poly_deg_2_no_inter,10004.125542036223,0.696908383651772
poly_deg_3_no_inter,9816.746422508873,0.7025853456179942
poly_deg_4_no_inter,9806.022832543944,0.7029102346052295
quadratic_with_interactions,9755.924013229123,0.7044280616316361
